{
    "args": {
        "benchmark": "CEC20",
        "dim": 10,
        "alg": "LoTFWA",
        "name": "_test",
        "rep": 30,
        "multiprocess": 1
    },
    "params": {
        "fw_size": 5,
        "sp_size": 100,
        "init_amp": 200,
        "gm_ratio": 0.2
    },
    "optimals": [
        [
            1821121.604314853,
            530302.9705547999,
            590672.6707823771,
            1246658.635386521,
            900921.2535080427,
            1375622.0065882306,
            660148.6234417423,
            1240174.4011337233,
            473473.42923204065,
            580922.6625188752,
            919354.3666192044,
            649062.5052678894,
            913369.4262818098,
            818142.7109636415,
            931510.2152414477,
            506189.65988079464,
            469122.7181643804,
            561577.097055696,
            659810.7819369952,
            1099504.0475319081,
            937595.8830412703,
            628858.1177721734,
            727663.2292713437,
            776446.2947400558,
            787007.1095860987,
            1922768.6655694423,
            1019524.049938532,
            693606.894528945,
            304214.3591066685,
            979781.4066609223
        ],
        [
            1466.4666235819523,
            1773.7659992550743,
            1147.3499967608905,
            1945.3903624511272,
            1795.5312170572656,
            1478.4897402061606,
            1534.7831801488073,
            1708.5674955545383,
            1864.626461749171,
            2281.15928431861,
            1680.3532110978026,
            1918.9924445649676,
            1912.0932988431387,
            1745.5228206487586,
            1943.6702474660783,
            1405.9149770241875,
            1922.3805205525268,
            1611.2753165326344,
            1775.9392851571329,
            1489.218118453451,
            1263.3317063288941,
            1505.8868760269415,
            1415.0444479137159,
            1593.0432859573402,
            1790.286714666996,
            1953.0993230262661,
            1457.291129972367,
            1946.9760607022845,
            1283.3130439263523,
            2164.4553542220674
        ],
        [
            726.6770015494325,
            741.0232288645713,
            740.2378758793373,
            725.7256967377583,
            737.6183555518285,
            735.6874930307263,
            745.0709270335974,
            740.2750487275533,
            727.55067921511,
            732.1124946251396,
            739.8151549431913,
            735.7064213561105,
            722.6859617086991,
            746.2479242068607,
            732.9630091584337,
            743.2704615451755,
            736.7236052042949,
            734.5678687599602,
            738.3956831178552,
            745.8751502445965,
            748.7174149129418,
            742.7409773232309,
            733.166574132042,
            739.5159222741107,
            746.7445028619637,
            726.7973650940756,
            737.9392313699424,
            741.5053778960734,
            734.6565911588548,
            730.8140319100653
        ],
        [
            1902.7449739002261,
            1903.590323097819,
            1903.6366858106535,
            1904.3294290683007,
            1904.3658177198683,
            1903.2874084612786,
            1903.2025484340415,
            1904.8300422718546,
            1903.7653994771442,
            1902.9433860514355,
            1903.079160441899,
            1903.2560369758294,
            1904.0502929178756,
            1903.6996123095935,
            1904.468751964961,
            1903.390749234041,
            1904.9489468964555,
            1903.7112478337374,
            1903.1226521591286,
            1904.5846006273227,
            1903.7238107700875,
            1903.798227286265,
            1902.2784008172002,
            1904.0452411247127,
            1904.340072875402,
            1904.7471210057265,
            1902.8936360862454,
            1902.6016937678673,
            1904.0788213774686,
            1902.4023650617737
        ],
        [
            11800.776454891151,
            12314.276966991049,
            4131.244229984946,
            8390.506247666432,
            36170.06299577868,
            9669.515151152322,
            148774.57463593263,
            7541.587345183792,
            69482.31672492849,
            52860.15497219615,
            46490.72467679226,
            26256.567359090932,
            57666.58743716226,
            4578.367292558062,
            10709.630339252064,
            22692.74068474761,
            5657.470614204335,
            28348.284546752697,
            8290.988615997809,
            17995.344917323604,
            13700.004092076411,
            16616.884307603417,
            6483.357228830806,
            26899.89361059628,
            36223.44040046427,
            7223.330478188237,
            21472.240608451342,
            6753.0414604640055,
            32343.07143466535,
            14206.417740910607
        ],
        [
            1641.3703841243089,
            1795.7659795158274,
            1619.8711376283013,
            1627.059088283371,
            1617.665619062907,
            1643.2127408499855,
            1620.8398103653435,
            1622.6940016793128,
            1692.4013771350171,
            1652.313596969821,
            1618.8241893298307,
            1663.360696008558,
            1732.0601189899555,
            1637.021833679032,
            1663.3488139631993,
            1710.2270687499936,
            1642.4171499340343,
            1813.939279284356,
            1730.037766417226,
            1780.0415281905919,
            1630.057944444952,
            1780.7889980534317,
            1625.5284487601052,
            1651.295022172653,
            1793.5447621948888,
            1821.7066399386226,
            1651.4617863628475,
            1807.4276145326057,
            1634.1012177795906,
            1689.7178737250822
        ],
        [
            3973.9340233660937,
            3379.0253070093177,
            4439.656444623906,
            6190.636428264305,
            5853.135361527749,
            3870.4427069067215,
            3858.992260931075,
            3306.8248537821137,
            5378.145984225455,
            3815.380975559688,
            3448.852641321415,
            3809.282888745761,
            6641.2588036837205,
            4620.091252064644,
            5608.121260709167,
            3948.3304019330185,
            4173.179987005089,
            5412.38134015276,
            3184.70789669887,
            4937.475905024639,
            3147.78180152012,
            6951.502723545606,
            4258.94321519856,
            3813.7096980842607,
            5081.047518983734,
            2880.153181765061,
            3390.7649626244697,
            4635.121569304374,
            5791.059225947609,
            3634.203283927457
        ],
        [
            2307.9435862830987,
            2309.224195218474,
            2310.1878375663846,
            2309.494539330504,
            2238.6439791426715,
            2309.1009156324467,
            2308.522168942958,
            2232.687567486023,
            2308.1568079153785,
            2308.1865557039614,
            2309.562000863609,
            2231.4817245160752,
            2309.813516265589,
            2226.8727624029016,
            2309.5913937039586,
            2236.205476033593,
            2245.376542773928,
            2306.306003306045,
            2232.3518157452313,
            2307.8294571117535,
            2261.4271698672533,
            2236.4551398586955,
            2309.458058212212,
            2310.2518375442573,
            2225.199544724762,
            2228.79218848861,
            2309.920894131346,
            2202.128115128669,
            2240.572516204784,
            2216.4701109232437
