{"args": {"benchmark": "CEC20", "dim": 10, "alg": "LoTFWA", "name": "", "rep": 30, "multiprocess": 1, "precision": 1e-08, "alpha": 0.05}, "params": {"fw_size": 5, "sp_size": 100, "init_amp": 200, "gm_ratio": 0.2}, "optimals": [[1.0, 1.0, 1.0, 1.0, 1.0, 1.0, 1.0, 1.0, 1.0, 1.0, 1.0, 1.0, 1.0, 1.0, 1.0, 1.0, 1.0, 1.0, 1.0, 1.0, 1.0, 1.0, 1.0, 1.0, 1.0, 1.0, 1.0, 1.0, 1.0, 1.0], [1.0, 1.0, 1.0, 1.0, 1.0, 1.0, 1.0, 1.0, 1.0, 1.0, 1.0, 1.0, 1.0, 1.0, 1.0, 1.0, 1.0, 1.0, 1.0, 1.0, 1.0, 1.0, 1.0, 1.0, 1.0, 1.0, 1.0, 1.0, 1.0, 1.0], [1.0, 1.0, 1.0, 1.0, 1.0, 1.0, 1.0, 1.0, 1.0, 1.0, 1.0, 1.0, 1.0, 1.0, 1.0, 1.0, 1.0, 1.0, 1.0, 1.0, 1.0, 1.0, 1.0, 1.0, 1.0, 1.0, 1.0, 1.0, 1.0, 1.0], [1.0, 1.0, 1.0, 1.0, 1.0, 1.0, 1.0, 1.0, 1.0, 1.0, 1.0, 1.0, 1.0, 1.0, 1.0, 1.0, 1.0, 1.0, 1.0, 1.0, 1.0, 1.0, 1.0, 1.0, 1.0, 1.0, 1.0, 1.0, 1.0, 1.0], [1.0, 1.0, 1.0, 1.0, 1.0, 1.0, 1.0, 1.0, 1.0, 1.0, 1.0, 1.0, 1.0, 1.0, 1.0, 1.0, 1.0, 1.0, 1.0, 1.0, 1.0, 1.0, 1.0, 1.0, 1.0, 1.0, 1.0, 1.0, 1.0, 1.0], [1.0, 1.0, 1.0, 1.0, 1.0, 1.0, 1.0, 1.0, 1.0, 1.0, 1.0, 1.0, 1.0, 1.0, 1.0, 1.0, 1.0, 1.0, 1.0, 1.0, 1.0, 1.0, 1.0, 1.0, 1.0, 1.0, 1.0, 1.0, 1.0, 1.0], [1.0, 1.0, 1.0, 1.0, 1.0, 1.0, 1.0, 1.0, 1.0, 1.0, 1.0, 1.0, 1.0, 1.0, 1.0, 1.0, 1.0, 1.0, 1.0, 1.0, 1.0, 1.0, 1.0, 1.0, 1.0, 1.0, 1.0, 1.0, 1.0, 1.0], [1.0, 1.0, 1.0, 1.0, 1.0, 1.0, 1.0, 1.0, 1.0, 1.0, 1.0, 1.0, 1.0, 1.0, 1.0, 1.0, 1.0, 1.0, 1.0, 1.0, 1.0, 1.0, 1.0, 1.0, 1.0, 1.0, 1.0, 1.0, 1.0, 1.0], [1.0, 1.0, 1.0, 1.0, 1.0, 1.0, 1.0, 1.0, 1.0, 1.0, 1.0, 1.0, 1.0, 1.0, 1.0, 1.0, 1.0, 1.0, 1.0, 1.0, 1.0, 1.0, 1.0, 1.0, 1.0, 1.0, 1.0, 1.0, 1.0, 1.0], [1.0, 1.0, 1.0, 1.0, 1.0, 1.0, 1.0, 1.0, 1.0, 1.0, 1.0, 1.0, 1.0, 1.0, 1.0, 1.0, 1.0, 1.0, 1.0, 1.0, 1.0, 1.0, 1.0, 1.0, 1.0, 1.0, 1.0, 1.0, 1.0, 1.0]], "times": [[2.9325485229492188e-05, 4.57763671875e-05, 2.5033950805664062e-05, 2.2411346435546875e-05, 2.09808349609375e-05, 2.3126602172851562e-05, 2.0742416381835938e-05, 2.193450927734375e-05, 2.193450927734375e-05, 2.1696090698242188e-05, 2.1457672119140625e-05, 2.1457672119140625e-05, 2.1457672119140625e-05, 2.1457672119140625e-05, 2.09808349609375e-05, 2.1457672119140625e-05, 2.1219253540039062e-05, 2.002716064453125e-05, 2.47955322265625e-05, 2.193450927734375e-05, 2.1696090698242188e-05, 2.1457672119140625e-05, 2.09808349609375e-05, 2.1696090698242188e-05, 2.1219253540039062e-05, 2.1696090698242188e-05, 2.1457672119140625e-05, 2.002716064453125e-05, 2.1457672119140625e-05, 2.09808349609375e-05], [2.0742416381835938e-05, 2.1696090698242188e-05, 2.193450927734375e-05, 2.1219253540039062e-05, 2.1696090698242188e-05, 2.1219253540039062e-05, 2.1457672119140625e-05, 2.1457672119140625e-05, 2.1219253540039062e-05, 2.1219253540039062e-05, 2.1219253540039062e-05, 2.1219253540039062e-05, 2.1457672119140625e-05, 2.1219253540039062e-05, 2.1219253540039062e-05, 2.1457672119140625e-05, 2.1457672119140625e-05, 2.1219253540039062e-05, 2.1457672119140625e-05, 2.1219253540039062e-05, 2.1219253540039062e-05, 2.1219253540039062e-05, 2.1457672119140625e-05, 2.1696090698242188e-05, 2.1457672119140625e-05, 2.1219253540039062e-05, 2.1457672119140625e-05, 2.1457672119140625e-05, 2.1457672119140625e-05, 2.1219253540039062e-05], [2.0503997802734375e-05, 2.1219253540039062e-05, 2.1457672119140625e-05, 2.1457672119140625e-05, 2.1219253540039062e-05, 2.1219253540039062e-05, 2.1457672119140625e-05, 2.1696090698242188e-05, 2.1219253540039062e-05, 2.09808349609375e-05, 2.09808349609375e-05, 2.1457672119140625e-05, 2.1457672119140625e-05, 2.1457672119140625e-05, 2.2411346435546875e-05, 2.09808349609375e-05, 2.1219253540039062e-05, 2.09808349609375e-05, 2.1219253540039062e-05, 2.09808349609375e-05, 2.1219253540039062e-05, 2.1219253540039062e-05, 2.09808349609375e-05, 2.1457672119140625e-05, 2.1457672119140625e-05, 2.1219253540039062e-05, 2.1457672119140625e-05, 2.09808349609375e-05, 2.0503997802734375e-05, 2.1219253540039062e-05], [2.0265579223632812e-05, 3.337860107421875e-05, 2.193450927734375e-05, 2.193450927734375e-05, 2.193450927734375e-05, 2.193450927734375e-05, 2.2172927856445312e-05, 2.2172927856445312e-05, 2.193450927734375e-05, 2.1696090698242188e-05, 2.193450927734375e-05, 2.193450927734375e-05, 2.193450927734375e-05, 2.2172927856445312e-05, 2.2172927856445312e-05, 2.09808349609375e-05, 2.09808349609375e-05, 2.09808349609375e-05, 2.1457672119140625e-05, 2.09808349609375e-05, 2.1219253540039062e-05, 2.09808349609375e-05, 2.09808349609375e-05, 2.1219253540039062e-05, 2.1457672119140625e-05, 1.9788742065429688e-05, 2.1457672119140625e-05, 2.1457672119140625e-05, 2.09808349609375e-05, 2.1219253540039062e-05], [2.0503997802734375e-05, 2.1696090698242188e-05, 2.1457672119140625e-05, 2.1219253540039062e-05, 4.291534423828125e-05, 2.2411346435546875e-05, 2.09808349609375e-05, 2.0503997802734375e-05, 2.0503997802734375e-05, 2.0742416381835938e-05, 2.0742416381835938e-05, 2.0742416381835938e-05, 2.0503997802734375e-05, 1.9788742065429688e-05, 2.002716064453125e-05, 2.0265579223632812e-05, 2.0503997802734375e-05, 2.0265579223632812e-05, 2.0503997802734375e-05, 2.0265579223632812e-05, 2.0265579223632812e-05, 2.0503997802734375e-05, 1.9788742065429688e-05, 2.0503997802734375e-05, 2.0503997802734375e-05, 2.0265579223632812e-05, 2.0503997802734375e-05, 2.0265579223632812e-05, 2.0503997802734375e-05, 2.002716064453125e-05], [1.9788742065429688e-05, 2.0503997802734375e-05, 2.002716064453125e-05, 1.9788742065429688e-05, 2.0503997802734375e-05, 2.0503997802734375e-05, 2.0503997802734375e-05, 2.0265579223632812e-05, 2.0742416381835938e-05, 2.0742416381835938e-05, 2.0742416381835938e-05, 2.0265579223632812e-05, 2.0265579223632812e-05, 2.0503997802734375e-05, 2.3365020751953125e-05, 2.2172927856445312e-05, 2.2172927856445312e-05, 2.2172927856445312e-05, 2.193450927734375e-05, 2.2172927856445312e-05, 3.218650817871094e-05, 2.1696090698242188e-05, 2.1219253540039062e-05, 2.1219253540039062e-05, 2.1219253540039062e-05, 2.1219253540039062e-05, 2.1219253540039062e-05, 2.1457672119140625e-05, 2.1219253540039062e-05, 2.1457672119140625e-05], [2.0742416381835938e-05, 2.09808349609375e-05, 2.1457672119140625e-05, 2.1219253540039062e-05, 2.1219253540039062e-05, 2.09808349609375e-05, 2.1457672119140625e-05, 2.09808349609375e-05, 2.09808349609375e-05, 2.09808349609375e-05, 2.09808349609375e-05, 2.193450927734375e-05, 2.1219253540039062e-05, 2.09808349609375e-05, 2.09808349609375e-05, 2.09808349609375e-05, 2.1457672119140625e-05, 2.09808349609375e-05, 2.1219253540039062e-05, 2.1219253540039062e-05, 2.09808349609375e-05, 2.1219253540039062e-05, 2.1457672119140625e-05, 2.09808349609375e-05, 2.1219253540039062e-05, 2.09808349609375e-05, 2.09808349609375e-05, 2.1219253540039062e-05, 2.1219253540039062e-05, 2.09808349609375e-05], [2.002716064453125e-05, 2.1219253540039062e-05, 2.09808349609375e-05, 2.1696090698242188e-05, 2.09808349609375e-05, 2.09808349609375e-05, 2.09808349609375e-05, 2.1219253540039062e-05, 2.09808349609375e-05, 2.1219253540039062e-05, 2.09808349609375e-05, 2.1219253540039062e-05, 2.1457672119140625e-05, 2.1219253540039062e-05, 2.1219253540039062e-05, 2.09808349609375e-05, 2.09808349609375e-05, 2.1457672119140625e-05, 2.1457672119140625e-05, 2.1219253540039062e-05, 2.1219253540039062e-05, 3.2901763916015625e-05, 2.1219253540039062e-05, 2.2649765014648438e-05, 2.1696090698242188e-05, 2.1457672119140625e-05, 2.2649765014648438e-05, 2.1696090698242188e-05, 2.1457672119140625e-05, 2.1457672119140625e-05], [2.002716064453125e-05, 2.1219253540039062e-05, 2.1219253540039062e-05, 2.09808349609375e-05, 2.09808349609375e-05, 2.09808349609375e-05, 2.1219253540039062e-05, 2.0503997802734375e-05, 2.09808349609375e-05, 2.09808349609375e-05, 2.1219253540039062e-05, 2.1219253540039062e-05, 2.1219253540039062e-05, 2.09808349609375e-05, 2.1219253540039062e-05, 2.1219253540039062e-05, 2.09808349609375e-05, 2.0742416381835938e-05, 1.9550323486328125e-05, 1.9550323486328125e-05, 1.9550323486328125e-05, 1.9311904907226562e-05, 1.9550323486328125e-05, 1.9788742065429688e-05, 